FID,statefp10,countyfp10,tractce10,blkgrpce10,geoid10,namelsad10,mtfcc10,funcstat10,aland10,awater10,intptlat10,intptlon10,hood,hood_no,acres,sqmiles,sectors,censusblockgroup,SHAPE_Length,SHAPE_Area
1,42,003,040500,1,420030405001,Block Group 1,G5030,S,268195,0,+40.4406805,-079.9542332,Central Oakland,20,180.883,0.281,14,0405001,7988.37939954851,2886581.92669156
2,42,003,040400,1,420030404001,Block Group 1,G5030,S,75472,0,+40.4458408,-079.9483932,North Oakland,56,320.679,0.499,14,0404001,3813.62090384679,790416.577850552
3,42,003,040200,2,420030402002,Block Group 2,G5030,S,282679,0,+40.4412437,-079.9626107,West Oakland,88,138.372,0.215,14,0402002,8260.91550192745,3042469.08152971
4,42,003,030500,2,420030305002,Block Group 2,G5030,S,284548,0,+40.4403871,-079.9813476,Crawford-Roberts,24,166.101,0.258,15,0305002,8670.42812840634,3054151.77491135
5,42,003,030500,1,420030305001,Block Group 1,G5030,S,383059,0,+40.4444763,-079.9855727,Crawford-Roberts,24,166.101,0.258,15,0305001,10723.0878164579,4149479.49838558
6,42,003,020300,1,420030203001,Block Group 1,G5030,S,1593129,329216,+40.4544996,-079.9812762,Strip District,80,390.864,0.608,13,0203001,24019.5326720514,16948752.7916303
7,42,003,020100,4,420030201004,Block Group 4,G5030,S,281715,0,+40.4406777,-079.9892121,Central Business District,17,411.593,0.64,16,0201004,7297.91965085873,3051342.99918013
8,42,003,262000,1,420032620001,Block Group 1,G5030,S,607576,0,+40.4632158,-079.9941680,Spring Hill-City View,75,404.765,0.63,1,2620001,12055.4261029821,6505642.89835058
9,42,003,261500,1,420032615001,Block Group 1,G5030,S,350522,0,+40.4733966,-080.0097343,Perry South,62,581.656,0.905,2,2615001,8208.50460448642,3772662.87572264
10,42,003,261400,2,420032614002,Block Group 2,G5030,S,353594,0,+40.4619992,-080.0134962,Perry South,62,581.656,0.905,2,2614002,8782.65701387325,3805693.32791207
11,42,003,261200,1,420032612001,Block Group 1,G5030,S,1057787,0,+40.4922173,-080.0081121,Summer Hill,81,282.104,0.439,1,2612001,20906.8294085694,12232534.0241909
12,42,003,260900,1,420032609001,Block Group 1,G5030,S,812036,0,+40.4776383,-080.0025945,Northview Heights,58,201.558,0.313,1,2609001,13757.3319460892,8727371.2159843
13,42,003,260700,2,420032607002,Block Group 2,G5030,S,301991,0,+40.4818975,-080.0108700,Perry North,61,779.088,1.212,2,2607002,11322.8373615932,3250297.04440707
14,42,003,563100,2,420035631002,Block Group 2,G5030,S,880129,0,+40.4320100,-080.0530374,Westwood,89,445.009,0.692,4,5631002,14820.1491882153,9487245.22205262
15,42,003,562400,5,420035624005,Block Group 5,G5030,S,138709,0,+40.4197360,-079.9991617,Beltzhoover,9,270.374,0.421,6,5624005,6015.55620725917,1492897.50591652
16,42,003,981000,1,420039810001,Block Group 1,G5030,S,1377043,0,+40.4730821,-079.9488759,Central Lawrenceville,18,619.199,0.963,13,9810001,20578.3752221394,14947687.3210142
17,42,003,170200,1,420031702001,Block Group 1,G5030,S,406640,81747,+40.4302576,-079.9922422,South Side Flats,72,601.553,0.936,7,1702001,12037.8996812967,4346606.28426652
18,42,003,170200,3,420031702003,Block Group 3,G5030,S,179690,0,+40.4272715,-079.9852076,South Side Flats,72,601.553,0.936,7,1702003,5657.62753394098,1949437.84667146
19,42,003,170200,2,420031702002,Block Group 2,G5030,S,342894,182267,+40.4313543,-079.9809658,South Side Flats,72,601.553,0.936,7,1702002,11206.9307608307,3750543.77588495
20,42,003,180300,3,420031803003,Block Group 3,G5030,S,140530,0,+40.4191918,-079.9927314,Allentown,3,189.608,0.295,6,1803003,6293.79185598449,1509648.44087812
21,42,003,170600,1,420031706001,Block Group 1,G5030,S,326725,0,+40.4249025,-079.9876098,South Side Slopes,73,460.632,0.716,7,1706001,14495.7929844301,3589320.73856811
22,42,003,170600,3,420031706003,Block Group 3,G5030,S,282738,0,+40.4196905,-079.9844551,South Side Slopes,73,460.632,0.716,7,1706003,9004.36176182732,3075878.71461443
23,42,003,020100,3,420030201003,Block Group 3,G5030,S,165318,0,+40.4413687,-079.9991048,Central Business District,17,411.593,0.64,16,0201003,6411.06704165727,1779326.21631674
24,42,003,020100,2,420030201002,Block Group 2,G5030,S,183660,82635,+40.4429700,-080.0038877,Central Business District,17,411.593,0.64,16,0201002,6925.1185328563,1916207.77630411
25,42,003,020100,1,420030201001,Block Group 1,G5030,S,434980,249322,+40.4396954,-080.0061775,Central Business District,17,411.593,0.64,16,0201001,11183.4781406648,4550609.87588673
26,42,003,010300,2,420030103002,Block Group 2,G5030,S,267511,0,+40.4369004,-079.9903987,Bluff,11,210.51,0.327,15,0103002,6834.80659406099,2906293.28060671
27,42,003,010300,1,420030103001,Block Group 1,G5030,S,289306,237261,+40.4340459,-079.9864670,Bluff,11,210.51,0.327,15,0103001,14452.3180456836,2943843.85409628
28,42,003,260700,1,420032607001,Block Group 1,G5030,S,369885,0,+40.4812801,-080.0088626,Perry North,61,779.088,1.212,2,2607001,14143.2604997273,3980049.31501212
29,42,003,260200,3,420032602003,Block Group 3,G5030,S,252788,7193,+40.4925080,-080.0177905,Perry North,61,779.088,1.212,2,2602003,8287.87814625273,2791710.97664597
30,42,003,260200,2,420032602002,Block Group 2,G5030,S,604995,0,+40.4903149,-080.0228477,Perry North,61,779.088,1.212,2,2602002,22388.779590008,6525321.58364576
31,42,003,260200,1,420032602001,Block Group 1,G5030,S,573112,0,+40.4916691,-080.0134039,Perry North,61,779.088,1.212,2,2602001,12165.6949646474,5268986.26625868
32,42,003,250900,2,420032509002,Block Group 2,G5030,S,384629,0,+40.4641570,-080.0039415,Fineview,33,160.488,0.25,3,2509002,13652.2147004583,4144740.47742818
33,42,003,562400,2,420035624002,Block Group 2,G5030,S,504789,0,+40.4142432,-080.0038814,Beltzhoover,9,270.374,0.421,6,5624002,14044.2233047645,5638041.76648797
34,42,003,562900,1,420035629001,Block Group 1,G5030,S,1385581,586785,+40.4096285,-079.9486102,Hazelwood,39,1017.805,1.583,9,5629001,29907.6115766504,14754644.0661672
35,42,003,980000,1,420039800001,Block Group 1,G5030,S,637235,237268,+40.4875790,-079.8907469,Lincoln-Lemington-Belmar,47,180.105,0.28,11,9800001,13581.8750892712,7764865.67096828
36,42,003,561900,2,420035619002,Block Group 2,G5030,S,652899,0,+40.4670321,-079.8924785,Lincoln-Lemington-Belmar,47,984.873,1.532,11,5619002,11692.2530688855,7025796.25362477
37,42,003,130600,1,420031306001,Block Group 1,G5030,S,365630,0,+40.4521925,-079.8817225,East Hills,28,348.077,0.541,11,1306001,8027.6340462229,3910097.25854074
38,42,003,040900,3,420030409003,Block Group 3,G5030,S,253498,0,+40.4308074,-079.9518013,South Oakland,70,326.793,0.508,14,0409003,7343.08231936842,2775017.1762112
39,42,003,562300,5,420035623005,Block Group 5,G5030,S,394540,0,+40.4142957,-079.9369121,Hazelwood,39,1017.805,1.583,9,5623005,11876.9048761522,4245319.59003871
40,42,003,562300,3,420035623003,Block Group 3,G5030,S,1036351,0,+40.4125804,-079.9314314,Hazelwood,39,1017.805,1.583,9,5623003,23111.7043358493,11247890.4928691
41,42,003,020100,5,420030201005,Block Group 5,G5030,S,401958,87646,+40.4381255,-079.9968423,Central Business District,17,411.593,0.64,16,0201005,11187.1062063972,4246199.53710704
42,42,003,170600,2,420031706002,Block Group 2,G5030,S,198244,0,+40.4235301,-079.9801503,South Side Slopes,73,460.632,0.716,7,1706002,11898.0548732086,2124504.97913221
43,42,003,180300,2,420031803002,Block Group 2,G5030,S,158899,0,+40.4209141,-079.9926876,Allentown,3,189.608,0.295,6,1803002,6405.13006549584,1667758.63572215
44,42,003,180300,1,420031803001,Block Group 1,G5030,S,474339,0,+40.4247669,-079.9943810,Allentown,3,189.608,0.295,6,1803001,13738.5188025272,5043639.02648648
45,42,003,180700,2,420031807002,Block Group 2,G5030,S,128061,0,+40.4247086,-080.0011285,Mount Washington,54,732.495,1.139,6,1807002,5547.08880377897,1378316.97171021
46,42,003,180700,3,420031807003,Block Group 3,G5030,S,136741,0,+40.4228314,-080.0010209,Mount Washington,54,732.495,1.139,6,1807003,5787.06921439082,1471754.76768782
47,42,003,180700,1,420031807001,Block Group 1,G5030,S,128087,0,+40.4265369,-080.0017531,Mount Washington,54,732.495,1.139,6,1807001,6037.51723689616,1398724.61329716
48,42,003,151700,4,420031517004,Block Group 4,G5030,S,157178,0,+40.4216327,-079.9353993,Greenfield,37,497.028,0.773,9,1517004,5794.40180718302,1700527.57418904
49,42,003,151700,3,420031517003,Block Group 3,G5030,S,163400,0,+40.4225131,-079.9385272,Greenfield,37,497.028,0.773,9,1517003,6459.11725276155,1758689.68828624
50,42,003,151700,2,420031517002,Block Group 2,G5030,S,291635,0,+40.4272650,-079.9345196,Greenfield,37,497.028,0.773,9,1517002,10596.7049943885,3138855.93079645
51,42,003,151700,1,420031517001,Block Group 1,G5030,S,216872,0,+40.4228431,-079.9277766,Greenfield,37,497.028,0.773,9,1517001,7618.25352093214,2349338.53289721
52,42,003,151600,3,420031516003,Block Group 3,G5030,S,132031,0,+40.4227661,-079.9448461,Greenfield,37,497.028,0.773,9,1516003,5523.9169756704,1421053.49742518
53,42,003,151600,1,420031516001,Block Group 1,G5030,S,253681,0,+40.4231223,-079.9414143,Greenfield,37,497.028,0.773,9,1516001,8854.40075808219,2730386.12526691
54,42,003,141400,3,420031414003,Block Group 3,G5030,S,294702,0,+40.4266034,-079.9185733,Squirrel Hill South,77,1717.485,2.671,10,1414003,8635.64213029586,3171881.9805262
55,42,003,141400,1,420031414001,Block Group 1,G5030,S,277404,0,+40.4214399,-079.9228257,Squirrel Hill South,77,1717.485,2.671,10,1414001,7865.02384043922,2985700.902856
56,42,003,141300,3,420031413003,Block Group 3,G5030,S,202656,0,+40.4320453,-079.9253363,Squirrel Hill South,77,1717.485,2.671,10,1413003,6066.42033494089,2181184.94946082
57,42,003,250300,1,420032503001,Block Group 1,G5030,S,243738,0,+40.4584905,-080.0120067,Central Northside,19,166.475,0.259,3,2503001,7703.4461902192,2623346.37892755
58,42,003,241200,2,420032412002,Block Group 2,G5030,S,172183,0,+40.4600565,-079.9915198,Spring Garden,74,176.506,0.275,1,2412002,7283.45506796289,1860014.32760756
59,42,003,240600,2,420032406002,Block Group 2,G5030,S,495750,0,+40.4611811,-079.9859947,Troy Hill,84,247.17,0.384,1,2406002,14534.3785217238,5161210.0345659
60,42,003,240600,1,420032406001,Block Group 1,G5030,S,729663,327616,+40.4619187,-079.9815275,Troy Hill,84,247.17,0.384,1,2406001,19089.1336072673,5541900.23426795
61,42,003,240600,1,420032406001,Block Group 1,G5030,S,729663,327616,+40.4619187,-079.9815275,Troy Hill,84,49.009,0.076,1,2406001,8998.47499108929,2125039.90805476
62,42,003,220600,2,420032206002,Block Group 2,G5030,S,166959,0,+40.4572412,-080.0051339,Central Northside,19,166.475,0.259,3,2206002,5717.33103540868,1796446.60685434
63,42,003,563200,3,420035632003,Block Group 3,G5030,S,315029,0,+40.4572599,-079.9976543,East Allegheny,26,151.705,0.236,3,5632003,11102.6286220573,3393753.01651847
64,42,003,010300,3,420030103003,Block Group 3,G5030,S,170588,0,+40.4368784,-079.9837347,Bluff,11,210.51,0.327,15,0103003,6132.57130348345,1836027.30474761
65,42,003,020100,6,420030201006,Block Group 6,G5030,S,211691,60090,+40.4454007,-079.9971407,Central Business District,17,411.593,0.64,16,0201006,7788.86032042327,2302223.78364317
66,42,003,981800,1,420039818001,Block Group 1,G5030,S,1652680,310067,+40.4790228,-079.8942288,Lincoln-Lemington-Belmar,47,984.873,1.532,11,9818001,24294.7266525536,17601350.5625932
67,42,003,562000,2,420035620002,Block Group 2,G5030,S,269504,0,+40.4552789,-079.9531593,North Oakland,56,320.679,0.499,14,5620002,9004.37303666004,2916639.92254291
68,42,003,151600,2,420031516002,Block Group 2,G5030,S,434793,0,+40.4267886,-079.9459951,Greenfield,37,497.028,0.773,9,1516002,12181.7963222673,4632623.72706654
69,42,003,160800,1,420031608001,Block Group 1,G5030,S,122567,0,+40.4229739,-079.9707670,South Side Slopes,73,460.632,0.716,7,1608001,5059.60693184713,1315510.33594128
70,42,003,101800,2,420031018002,Block Group 2,G5030,S,797007,0,+40.4847864,-079.9385823,Stanton Heights,79,472.615,0.735,13,1018002,22835.1086215697,8563160.3575744
71,42,003,060300,1,420030603001,Block Group 1,G5030,S,391220,0,+40.4621267,-079.9609234,Lower Lawrenceville,48,276.392,0.43,13,0603001,10355.0745576315,4184619.19952671
72,42,003,080200,2,420030802002,Block Group 2,G5030,S,92307,0,+40.4617308,-079.9522528,Bloomfield,10,451.405,0.702,12,0802002,4036.16383333134,993479.395776961
73,42,003,290400,3,420032904003,Block Group 3,G5030,S,275844,0,+40.3844190,-079.9867635,Carrick,16,1075.67,1.673,5,2904003,11617.5879562611,2967711.40222843
74,42,003,981100,1,420039811001,Block Group 1,G5030,S,876833,0,+40.4420424,-079.9063310,Point Breeze,63,645.695,1.004,10,9811001,14525.9016316362,9428733.79278495
75,42,003,190300,1,420031903001,Block Group 1,G5030,S,502688,0,+40.4348905,-080.0135312,Mount Washington,54,732.495,1.139,6,1903001,14878.8283225401,5406551.29973584
76,42,003,191100,2,420031911002,Block Group 2,G5030,S,884630,0,+40.4386014,-080.0260996,Duquesne Heights,25,400.468,0.623,6,1911002,13787.4250227088,9486072.84598656
77,42,003,191400,1,420031914001,Block Group 1,G5030,S,380257,0,+40.4292007,-080.0064823,Mount Washington,54,732.495,1.139,6,1914001,13251.9266744791,4092715.06624804
78,42,003,141300,2,420031413002,Block Group 2,G5030,S,303946,0,+40.4310496,-079.9300508,Squirrel Hill South,77,1717.485,2.671,10,1413002,12600.9872565298,3271367.26913085
79,42,003,141300,1,420031413001,Block Group 1,G5030,S,391431,0,+40.4360169,-079.9284488,Squirrel Hill South,77,1717.485,2.671,10,1413001,8749.89109589068,4212984.74706265
80,42,003,141100,1,420031411001,Block Group 1,G5030,S,1226338,163168,+40.4196414,-079.9075532,Swisshelm Park,82,308.575,0.48,10,1411001,20791.5446290687,13379173.9935487
81,42,003,110200,1,420031102001,Block Group 1,G5030,S,144791,0,+40.4780209,-079.9195862,Highland Park,40,747.691,1.163,12,1102001,5475.12806164691,1558404.41027147
82,42,003,101800,1,420031018001,Block Group 1,G5030,S,400083,0,+40.4829410,-079.9336446,Stanton Heights,79,472.615,0.735,13,1018001,13149.2375254977,4306754.36960949
83,42,003,101700,2,420031017002,Block Group 2,G5030,S,217979,0,+40.4672423,-079.9433700,Garfield,35,294.077,0.457,12,1017002,6586.68365867042,2346099.02373083
84,42,003,101700,1,420031017001,Block Group 1,G5030,S,174519,0,+40.4664252,-079.9381924,Garfield,35,294.077,0.457,12,1017001,5489.80469867194,1878345.82694606
85,42,003,220600,1,420032206001,Block Group 1,G5030,S,261918,0,+40.4553043,-080.0138114,Central Northside,19,166.475,0.259,3,2206001,8437.54933055815,2799767.41635677
86,42,003,210700,2,420032107002,Block Group 2,G5030,S,359658,0,+40.4578695,-080.0264589,Manchester,49,179.566,0.279,3,2107002,9100.22785034759,3874642.90174937
87,42,003,210700,1,420032107001,Block Group 1,G5030,S,363433,0,+40.4531478,-080.0236514,Manchester,49,179.566,0.279,3,2107001,8096.64315547563,3911603.87077224
88,42,003,980100,1,420039801001,Block Group 1,G5030,S,1440881,252755,+40.4798795,-079.9165548,Highland Park,40,747.691,1.163,12,9801001,26209.2530551973,16896019.4668022
89,42,003,010300,4,420030103004,Block Group 4,G5030,S,133877,0,+40.4373257,-079.9772756,Bluff,11,210.51,0.327,15,0103004,6053.81749818582,1440927.00834535
90,42,003,101100,3,420031011003,Block Group 3,G5030,S,249635,0,+40.4818107,-079.9477736,Upper Lawrenceville,86,260.349,0.405,13,1011003,10342.0179349027,2701834.11655854
91,42,003,140600,3,420031406003,Block Group 3,G5030,S,184852,0,+40.4430458,-079.8953704,Point Breeze,63,645.695,1.004,10,1406003,6747.65628019595,2018678.65368731
92,42,003,141400,4,420031414004,Block Group 4,G5030,S,1162800,88690,+40.4187318,-079.9174166,Squirrel Hill South,77,1717.485,2.671,10,1414004,25029.5670891817,12179194.5165976
93,42,003,191600,3,420031916003,Block Group 3,G5030,S,170636,0,+40.4126628,-080.0211465,Beechview,8,938.804,1.46,5,1916003,8417.8756080597,1836578.27333403
94,42,003,191600,5,420031916005,Block Group 5,G5030,S,424442,0,+40.4122360,-080.0279710,Beechview,8,938.804,1.46,5,1916005,10061.586743192,4568307.48645667
95,42,003,191600,2,420031916002,Block Group 2,G5030,S,494407,0,+40.4138322,-080.0172481,Beechview,8,938.804,1.46,5,1916002,11976.878401701,5352157.6156305
96,42,003,191600,4,420031916004,Block Group 4,G5030,S,169148,0,+40.4137886,-080.0244240,Beechview,8,938.804,1.46,5,1916004,6283.14726711949,1820543.97027412
97,42,003,191700,1,420031917001,Block Group 1,G5030,S,1471688,0,+40.4043578,-080.0109294,Brookline,14,1338.669,2.082,5,1917001,24549.4303048888,15829093.1909854
98,42,003,101600,1,420031016001,Block Group 1,G5030,S,464605,0,+40.4703739,-079.9393307,Garfield,35,294.077,0.457,12,1016001,11149.6964051935,5000519.34160077
99,42,003,101400,4,420031014004,Block Group 4,G5030,S,149377,0,+40.4799173,-079.9300799,Morningside,52,245.637,0.382,12,1014004,6038.17834122,1607767.94768407
100,42,003,101400,3,420031014003,Block Group 3,G5030,S,129999,0,+40.4750332,-079.9299711,Morningside,52,245.637,0.382,12,1014003,4949.9649370273,1398501.35630154
101,42,003,101400,1,420031014001,Block Group 1,G5030,S,570200,302845,+40.4870341,-079.9263153,Morningside,52,245.637,0.382,12,1014001,23814.5014589375,6397673.11031997
102,42,003,101100,2,420031011002,Block Group 2,G5030,S,641783,305758,+40.4849516,-079.9518640,Upper Lawrenceville,86,260.349,0.405,13,1011002,16672.0625530625,6882673.97552135
103,42,003,101100,1,420031011001,Block Group 1,G5030,S,158459,0,+40.4796387,-079.9516903,Upper Lawrenceville,86,260.349,0.405,13,1011001,5615.25838266754,1705525.52688482
104,42,003,100500,2,420031005002,Block Group 2,G5030,S,382760,0,+40.4781242,-079.9393683,Stanton Heights,79,472.615,0.735,13,1005002,10790.5914817542,3993047.06003269
105,42,003,090100,2,420030901002,Block Group 2,G5030,S,305316,115879,+40.4747088,-079.9639616,Central Lawrenceville,18,619.199,0.963,13,0901002,8997.68308835316,3227614.00000426
106,42,003,090200,3,420030902003,Block Group 3,G5030,S,72097,0,+40.4664653,-079.9570743,Central Lawrenceville,18,619.199,0.963,13,0902003,3809.98452631072,775971.011912175
107,42,003,101400,2,420031014002,Block Group 2,G5030,S,115857,0,+40.4844952,-079.9284287,Morningside,52,245.637,0.382,12,1014002,4677.75431155001,1246977.1583178
108,42,003,110600,2,420031106002,Block Group 2,G5030,S,227776,0,+40.4752841,-079.9162654,Highland Park,40,747.691,1.163,12,1106002,7011.10817654252,2451539.35754646
109,42,003,120400,1,420031204001,Block Group 1,G5030,S,176103,0,+40.4633748,-079.9087841,Larimer,45,286.16,0.445,12,1204001,5462.85310002879,1895397.46660865
110,42,003,562900,3,420035629003,Block Group 3,G5030,S,803514,0,+40.4176307,-079.9441160,Hazelwood,39,1017.805,1.583,9,5629003,17227.8721792824,8640481.6547329
111,42,003,562300,6,420035623006,Block Group 6,G5030,S,123591,0,+40.4097577,-079.9425942,Hazelwood,39,1017.805,1.583,9,5623006,6148.07634997959,1330221.93728573
112,42,003,562300,4,420035623004,Block Group 4,G5030,S,146181,0,+40.4063841,-079.9419511,Hazelwood,39,1017.805,1.583,9,5623004,5880.75613155206,1573340.18008618
113,42,003,982200,1,420039822001,Block Group 1,G5030,S,505672,0,+40.4444879,-079.9547652,North Oakland,56,320.679,0.499,14,9822001,16401.4864935488,5466005.88190734
114,42,003,563200,1,420035632001,Block Group 1,G5030,S,316619,138447,+40.4496580,-079.9981098,North Shore,57,195.014,0.303,16,5632001,9418.51610768911,3378905.57276785
115,42,003,562400,1,420035624001,Block Group 1,G5030,S,818084,0,+40.4077250,-080.0012233,Bon Air,12,201.53,0.313,6,5624001,15887.0064633169,8751989.70290834
116,42,003,191800,3,420031918003,Block Group 3,G5030,S,190085,0,+40.3895301,-080.0171435,Brookline,14,1338.669,2.082,5,1918003,7528.75708265693,2043859.80361775
117,42,003,202300,4,420032023004,Block Group 4,G5030,S,835320,0,+40.4127817,-080.0357088,Banksville,6,622.919,0.969,5,2023004,11460.1491262537,8990549.31054091
118,42,003,563000,2,420035630002,Block Group 2,G5030,S,574770,0,+40.4597668,-080.0778300,Windgap,90,266.678,0.415,4,5630002,10840.3732096,6079840.75088246
119,42,003,191700,3,420031917003,Block Group 3,G5030,S,243293,0,+40.4029550,-080.0186572,Brookline,14,1338.669,2.082,5,1917003,7565.28038003984,2618546.74756164
120,42,003,191700,2,420031917002,Block Group 2,G5030,S,148228,0,+40.4002650,-080.0189985,Brookline,14,1338.669,2.082,5,1917002,7098.78163154642,1595383.3510873
121,42,003,191800,1,420031918001,Block Group 1,G5030,S,150492,0,+40.3922903,-080.0203908,Brookline,14,1338.669,2.082,5,1918001,5461.4392080341,1619757.35716763
122,42,003,191800,2,420031918002,Block Group 2,G5030,S,151177,0,+40.3905048,-080.0228446,Brookline,14,1338.669,2.082,5,1918002,5370.03676538307,1621893.08814282
123,42,003,191800,5,420031918005,Block Group 5,G5030,S,262287,0,+40.3846477,-080.0129262,Brookline,14,1338.669,2.082,5,1918005,11547.9757456499,2811978.23592539
124,42,003,191800,4,420031918004,Block Group 4,G5030,S,208766,0,+40.3935062,-080.0262803,Brookline,14,1338.669,2.082,5,1918004,7509.76218420381,2238418.23947757
125,42,003,191800,7,420031918007,Block Group 7,G5030,S,176569,0,+40.3900890,-080.0122440,Brookline,14,1338.669,2.082,5,1918007,7058.54127056669,1900416.8624898
126,42,003,191800,6,420031918006,Block Group 6,G5030,S,313952,0,+40.3860641,-080.0092899,Brookline,14,1338.669,2.082,5,1918006,9136.95190533484,3408847.35831193
127,42,003,090300,2,420030903002,Block Group 2,G5030,S,102533,0,+40.4640387,-079.9556576,Bloomfield,10,451.405,0.702,12,0903002,4367.9317318443,1135887.22176735
128,42,003,090300,1,420030903001,Block Group 1,G5030,S,152015,0,+40.4645843,-079.9511016,Bloomfield,10,451.405,0.702,12,0903001,5576.33600793242,1636152.08093044
129,42,003,090200,2,420030902002,Block Group 2,G5030,S,210442,0,+40.4693184,-079.9556506,Central Lawrenceville,18,619.199,0.963,13,0902002,8989.6208835944,2264994.03544568
130,42,003,090200,1,420030902001,Block Group 1,G5030,S,159316,0,+40.4694752,-079.9592934,Central Lawrenceville,18,619.199,0.963,13,0902001,6437.24650467788,1714689.93512956
131,42,003,090100,1,420030901001,Block Group 1,G5030,S,366982,29455,+40.4762203,-079.9597019,Central Lawrenceville,18,619.199,0.963,13,0901001,12004.1238113032,3917181.1462348
132,42,003,080900,2,420030809002,Block Group 2,G5030,S,158489,0,+40.4645240,-079.9429630,Bloomfield,10,451.405,0.702,12,0809002,8050.35118180695,1705826.25294154
133,42,003,080900,1,420030809001,Block Group 1,G5030,S,221736,0,+40.4623780,-079.9463542,Bloomfield,10,451.405,0.702,12,0809001,7332.43355106301,2386547.31631151
134,42,003,080700,2,420030807002,Block Group 2,G5030,S,143135,0,+40.4592964,-079.9351049,Friendship,34,68.297,0.106,12,0807002,5199.26112261828,1540568.96258285
135,42,003,562300,1,420035623001,Block Group 1,G5030,S,217601,0,+40.4022395,-079.9398195,Hazelwood,39,1017.805,1.583,9,5623001,7352.56409939255,2342028.01308081
136,42,003,151700,5,420031517005,Block Group 5,G5030,S,160091,0,+40.4213387,-079.9316081,Greenfield,37,497.028,0.773,9,1517005,5549.56025540734,1658433.38277029
137,42,003,561600,2,420035616002,Block Group 2,G5030,S,863468,0,+40.4138332,-079.9632700,Arlington,4,302.32,0.47,7,5616002,22763.2037774908,8675905.77743337
138,42,003,561600,3,420035616003,Block Group 3,G5030,S,208679,0,+40.4161360,-079.9788445,Arlington,4,302.32,0.47,7,5616003,6859.4003037848,2239180.67913127
139,42,003,561600,4,420035616004,Block Group 4,G5030,S,204036,0,+40.4149245,-079.9736036,Arlington,4,302.32,0.47,7,5616004,7140.64452977718,2196049.08487143
140,42,003,561700,1,420035617001,Block Group 1,G5030,S,807397,0,+40.4088032,-079.9721874,St. Clair,78,199.285,0.31,7,5617001,12303.6007083469,8637289.02854287
141,42,003,561700,2,420035617002,Block Group 2,G5030,S,268306,0,+40.4108740,-079.9793742,Mt. Oliver,53,66.226,0.103,7,5617002,7452.43027361389,2876550.06794719
142,42,003,202200,3,420032022003,Block Group 3,G5030,S,174657,0,+40.4580322,-080.0647449,Sheraden,69,572.125,0.89,4,2022003,7204.28883065022,1879836.72055472
143,42,003,980700,1,420039807001,Block Group 1,G5030,S,563109,416134,+40.4366295,-080.0102703,South Shore,71,136.201,0.212,16,9807001,21342.8807623025,5903825.53687701
144,42,003,562700,1,420035627001,Block Group 1,G5030,S,374415,0,+40.4507843,-080.0144032,Allegheny West,2,90.841,0.141,3,5627001,8746.40533474023,3938762.53484756
145,42,003,562600,2,420035626002,Block Group 2,G5030,S,579141,0,+40.4400199,-080.0409711,Elliott,30,389.87,0.606,4,5626002,11480.1402761177,6233293.66026436
146,42,003,191900,1,420031919001,Block Group 1,G5030,S,209525,0,+40.3973803,-080.0201213,Brookline,14,1338.669,2.082,5,1919001,8970.64754111222,2255153.52840374
147,42,003,191900,3,420031919003,Block Group 3,G5030,S,214674,0,+40.3963769,-080.0268837,Brookline,14,1338.669,2.082,5,1919003,6388.38063307301,2307240.72439299
148,42,003,191900,2,420031919002,Block Group 2,G5030,S,184544,0,+40.3946814,-080.0190010,Brookline,14,1338.669,2.082,5,1919002,9439.0904332787,1986244.70262645
149,42,003,202200,2,420032022002,Block Group 2,G5030,S,155621,0,+40.4551387,-080.0624096,Sheraden,69,572.125,0.89,4,2022002,7124.54812606505,1674945.19592256
150,42,003,202300,1,420032023001,Block Group 1,G5030,S,458939,0,+40.4184502,-080.0358644,Banksville,6,622.919,0.969,5,2023001,14582.5383463912,4827110.25964805
151,42,003,202300,2,420032023002,Block Group 2,G5030,S,552580,0,+40.4029733,-080.0455088,Banksville,6,622.919,0.969,5,2023002,9882.21461689001,5918367.51110961
152,42,003,080700,1,420030807001,Block Group 1,G5030,S,131923,0,+40.4627928,-079.9335930,Friendship,34,68.297,0.106,12,0807001,4837.80688419233,1419887.61756811
153,42,003,080600,2,420030806002,Block Group 2,G5030,S,170535,0,+40.4582793,-079.9397403,Bloomfield,10,451.405,0.702,12,0806002,5875.60413908149,1835459.68542545
154,42,003,080600,1,420030806001,Block Group 1,G5030,S,234386,0,+40.4615947,-079.9396143,Bloomfield,10,451.405,0.702,12,0806001,6786.8232599351,2522682.49378873
155,42,003,080400,2,420030804002,Block Group 2,G5030,S,204063,0,+40.4551218,-079.9478971,Bloomfield,10,451.405,0.702,12,0804002,6412.53073891718,2196343.47457677
156,42,003,080400,1,420030804001,Block Group 1,G5030,S,226326,0,+40.4574303,-079.9441129,Bloomfield,10,451.405,0.702,12,0804001,7488.51662560081,2435943.34507624
157,42,003,080200,1,420030802001,Block Group 1,G5030,S,253255,0,+40.4593334,-079.9510099,Bloomfield,10,451.405,0.702,12,0802001,8564.92874523706,2725782.82531184
158,42,003,070900,2,420030709002,Block Group 2,G5030,S,136793,0,+40.4510923,-079.9473004,Shadyside,68,592.104,0.921,12,0709002,5126.46143471948,1472298.84831267
159,42,003,070900,1,420030709001,Block Group 1,G5030,S,306599,0,+40.4544392,-079.9379457,Shadyside,68,592.104,0.921,12,0709001,8906.34953555905,3299912.43578698
160,42,003,070800,2,420030708002,Block Group 2,G5030,S,262499,0,+40.4551027,-079.9181947,Shadyside,68,592.104,0.921,12,0708002,7727.8513193381,2825297.50390602
161,42,003,070800,1,420030708001,Block Group 1,G5030,S,189466,0,+40.4584739,-079.9219989,Shadyside,68,592.104,0.921,12,0708001,5802.62667783403,1998869.30052799
162,42,003,300100,5,420033001005,Block Group 5,G5030,S,121963,0,+40.4109357,-079.9931744,Knoxville,44,193.982,0.302,6,3001005,5583.46861294466,1320746.25644551
163,42,003,300100,6,420033001006,Block Group 6,G5030,S,121530,0,+40.4088504,-079.9939368,Knoxville,44,193.982,0.302,6,3001006,4781.80584163481,1339968.70589763
164,42,003,562000,3,420035620003,Block Group 3,G5030,S,232867,0,+40.4481874,-079.9558045,North Oakland,56,320.679,0.499,14,5620003,7505.3252316781,2506349.57493005
165,42,003,562400,4,420035624004,Block Group 4,G5030,S,303370,0,+40.4187712,-080.0050308,Beltzhoover,9,270.374,0.421,6,5624004,7874.83116719657,3265172.26256922
166,42,003,562400,3,420035624003,Block Group 3,G5030,S,123340,0,+40.4166387,-080.0015437,Beltzhoover,9,270.374,0.421,6,5624003,5937.66638041996,1327505.36810018
167,42,003,562700,2,420035627002,Block Group 2,G5030,S,535964,5234,+40.4515765,-080.0053403,Allegheny Center,1,134.703,0.21,3,5627002,10563.7914589482,5831492.81650818
168,42,003,040200,1,420030402001,Block Group 1,G5030,S,330572,0,+40.4381815,-079.9683880,West Oakland,88,138.372,0.215,14,0402001,13784.5013689904,2956179.81024047
169,42,003,270800,3,420032708003,Block Group 3,G5030,S,633737,0,+40.4865869,-080.0297229,Brighton Heights,13,718.262,1.117,2,2708003,13818.0977961861,6810165.73956151
170,42,003,981200,1,420039812001,Block Group 1,G5030,S,460856,156623,+40.4464954,-080.0119840,North Shore,57,195.014,0.303,16,9812001,10852.9693581526,5085253.55067149
171,42,003,202300,3,420032023003,Block Group 3,G5030,S,674345,0,+40.4076057,-080.0411187,Banksville,6,622.919,0.969,5,2023003,13500.4242218361,7256478.45775946
172,42,003,281400,1,420032814001,Block Group 1,G5030,S,348105,0,+40.4496310,-080.0569283,Crafton Heights,23,484.575,0.754,4,2814001,8486.8481309576,3744926.20958439
173,42,003,281500,2,420032815002,Block Group 2,G5030,S,312994,0,+40.4407028,-080.0568585,Crafton Heights,23,484.575,0.754,4,2815002,7841.31628468991,3361357.05743206
174,42,003,281500,1,420032815001,Block Group 1,G5030,S,304110,0,+40.4402148,-080.0509136,Crafton Heights,23,484.575,0.754,4,2815001,10659.7465489007,3273135.21535665
175,42,003,290200,4,420032902004,Block Group 4,G5030,S,164293,0,+40.3995328,-079.9865844,Carrick,16,1075.67,1.673,5,2902004,6695.51885043244,1768283.76781349
176,42,003,290200,5,420032902005,Block Group 5,G5030,S,252783,0,+40.4039349,-079.9878790,Carrick,16,1075.67,1.673,5,2902005,8456.22150727078,2732086.43249851
177,42,003,070600,2,420030706002,Block Group 2,G5030,S,145020,0,+40.4519412,-079.9274585,Shadyside,68,592.104,0.921,12,0706002,5296.68544344769,1560852.9208588
178,42,003,070600,1,420030706001,Block Group 1,G5030,S,144720,0,+40.4546022,-079.9234925,Shadyside,68,592.104,0.921,12,0706001,5382.0111788851,1557609.75826642
179,42,003,070500,3,420030705003,Block Group 3,G5030,S,196368,0,+40.4574217,-079.9293781,Shadyside,68,592.104,0.921,12,0705003,7386.28507151731,2113536.56739244
180,42,003,070500,2,420030705002,Block Group 2,G5030,S,71768,0,+40.4539089,-079.9307306,Shadyside,68,592.104,0.921,12,0705002,3776.69658857149,772410.733392115
181,42,003,070500,1,420030705001,Block Group 1,G5030,S,144617,0,+40.4551545,-079.9275190,Shadyside,68,592.104,0.921,12,0705001,4916.57581192225,1556520.36092445
182,42,003,070300,3,420030703003,Block Group 3,G5030,S,214195,0,+40.4501627,-079.9374007,Shadyside,68,592.104,0.921,12,0703003,6316.15176544169,2305372.25067655
183,42,003,070300,2,420030703002,Block Group 2,G5030,S,113412,0,+40.4502300,-079.9325808,Shadyside,68,592.104,0.921,12,0703002,4520.20332216295,1220669.22548804
184,42,003,070300,1,420030703001,Block Group 1,G5030,S,100941,0,+40.4527240,-079.9334901,Shadyside,68,592.104,0.921,12,0703001,4213.75457350284,1086407.79466438
185,42,003,060500,2,420030605002,Block Group 2,G5030,S,255123,0,+40.4586040,-079.9613007,Polish Hill,65,163.677,0.255,13,0605002,9025.77479923742,2751004.05483909
186,42,003,060500,1,420030605001,Block Group 1,G5030,S,402393,0,+40.4570599,-079.9693493,Polish Hill,65,163.677,0.255,13,0605001,10301.4526641618,4346878.24460952
187,42,003,261500,2,420032615002,Block Group 2,G5030,S,811063,0,+40.4699239,-080.0194200,Perry South,62,581.656,0.905,2,2615002,16042.5752630854,8398859.35533326
188,42,003,070900,3,420030709003,Block Group 3,G5030,S,220162,0,+40.4489296,-079.9431349,Shadyside,68,592.104,0.921,12,0709003,6507.48610517721,2400031.73657841
189,42,003,980600,1,420039806001,Block Group 1,G5030,S,982752,473795,+40.4518148,-080.0280506,Chateau,22,246.501,0.383,3,9806001,19600.683399685,10687972.519264
190,42,003,561600,1,420035616001,Block Group 1,G5030,S,294192,0,+40.4168800,-079.9615214,Arlington Heights,5,84.592,0.132,7,5616001,10586.5307898637,3667473.19652289
191,42,003,140100,3,420031401003,Block Group 3,G5030,S,291302,0,+40.4427301,-079.9435821,Squirrel Hill North,76,785.948,1.222,10,1401003,8071.73493114471,3111828.14611424
192,42,003,290100,1,420032901001,Block Group 1,G5030,S,743167,0,+40.4017390,-079.9944877,Carrick,16,1075.67,1.673,5,2901001,14715.3889562444,7996228.04830279
193,42,003,290100,2,420032901002,Block Group 2,G5030,S,264673,0,+40.3957758,-079.9905068,Carrick,16,1075.67,1.673,5,2901002,11710.8986317959,2855321.97156219
194,42,003,290200,1,420032902001,Block Group 1,G5030,S,558958,0,+40.4021310,-079.9817033,Carrick,16,1075.67,1.673,5,2902001,15247.0111668629,6059839.14465333
195,42,003,290100,3,420032901003,Block Group 3,G5030,S,261682,0,+40.3936852,-079.9901618,Carrick,16,1075.67,1.673,5,2901003,8554.60793106011,2814283.21899832
196,42,003,290200,2,420032902002,Block Group 2,G5030,S,303671,0,+40.3927804,-079.9826480,Carrick,16,1075.67,1.673,5,2902002,11066.9034295613,3268431.26295728
197,42,003,290200,3,420032902003,Block Group 3,G5030,S,174184,0,+40.3951867,-079.9842495,Carrick,16,1075.67,1.673,5,2902003,6977.92904568358,1874763.58745424
198,42,003,060300,2,420030603002,Block Group 2,G5030,S,728091,144825,+40.4674143,-079.9668064,Lower Lawrenceville,48,276.392,0.43,13,0603002,11882.6701421473,7799720.1417084
199,42,003,051100,1,420030511001,Block Group 1,G5030,S,183645,0,+40.4416579,-079.9764621,Terrace Village,83,219.783,0.342,15,0511001,6208.94123826487,2087063.59059805
200,42,003,051000,2,420030510002,Block Group 2,G5030,S,385060,0,+40.4459973,-079.9651193,Terrace Village,83,219.783,0.342,15,0510002,9780.72470008373,4154172.1767084
201,42,003,051000,1,420030510001,Block Group 1,G5030,S,258877,0,+40.4419740,-079.9711266,Terrace Village,83,219.783,0.342,15,0510001,9092.92082525725,3289062.62907356
202,42,003,050900,1,420030509001,Block Group 1,G5030,S,462660,4114,+40.4512373,-079.9745804,Bedford Dwellings,7,115.252,0.179,15,0509001,14216.9647087807,4997844.76836589
203,42,003,141000,1,420031410001,Block Group 1,G5030,S,507903,0,+40.4328896,-079.8976172,Regent Square,66,123.682,0.192,10,1410001,16004.7342908694,5360983.54674659
204,42,003,140800,3,420031408003,Block Group 3,G5030,S,107775,0,+40.4310415,-079.9212387,Squirrel Hill South,77,1717.485,2.671,10,1408003,4443.12302397122,1159976.00210066
205,42,003,170200,4,420031702004,Block Group 4,G5030,S,185601,0,+40.4269824,-079.9793259,South Side Flats,72,601.553,0.936,7,1702004,5770.80192191349,1998783.54815648
206,42,003,562900,2,420035629002,Block Group 2,G5030,S,4488597,20843,+40.3937604,-079.9499181,Hays,38,1125.478,1.75,8,5629002,56370.8530745065,48779955.9955142
207,42,003,290400,2,420032904002,Block Group 2,G5030,S,516447,0,+40.3877403,-079.9814709,Carrick,16,1075.67,1.673,5,2904002,13376.7797847008,5548686.16846372
208,42,003,290400,1,420032904001,Block Group 1,G5030,S,267174,0,+40.3897448,-079.9898590,Carrick,16,1075.67,1.673,5,2904001,10010.922705697,2793731.61319157
209,42,003,290400,5,420032904005,Block Group 5,G5030,S,177730,0,+40.3823902,-079.9803183,Carrick,16,1075.67,1.673,5,2904005,7894.73966060078,1907831.49712138
210,42,003,300100,2,420033001002,Block Group 2,G5030,S,119504,0,+40.4165708,-079.9924608,Knoxville,44,193.982,0.302,6,3001002,6155.80586050749,1292904.73751661
211,42,003,300100,1,420033001001,Block Group 1,G5030,S,94718,0,+40.4178273,-079.9927417,Knoxville,44,193.982,0.302,6,3001001,5870.26487460088,1022323.93201354
212,42,003,300100,4,420033001004,Block Group 4,G5030,S,139746,0,+40.4128574,-079.9929407,Knoxville,44,193.982,0.302,6,3001004,7740.81533180651,1513956.7078999
213,42,003,300100,3,420033001003,Block Group 3,G5030,S,178181,0,+40.4148090,-079.9928196,Knoxville,44,193.982,0.302,6,3001003,7530.09507330335,1919671.34468783
214,42,003,140800,2,420031408002,Block Group 2,G5030,S,371307,0,+40.4355760,-079.9190519,Squirrel Hill South,77,1717.485,2.671,10,1408002,9876.8309602776,3996360.01939799
215,42,003,140800,1,420031408001,Block Group 1,G5030,S,609993,0,+40.4322685,-079.9142909,Squirrel Hill South,77,1717.485,2.671,10,1408001,18620.2105301063,6565346.05553423
216,42,003,140600,2,420031406002,Block Group 2,G5030,S,322658,0,+40.4451617,-079.8988009,Point Breeze,63,645.695,1.004,10,1406002,10244.8028520989,3472788.31766357
217,42,003,140600,1,420031406001,Block Group 1,G5030,S,380557,0,+40.4479192,-079.9064888,Point Breeze,63,645.695,1.004,10,1406001,8661.31910445202,4095917.46480554
218,42,003,140500,3,420031405003,Block Group 3,G5030,S,172851,0,+40.4523867,-079.9073195,Point Breeze North,64,183.781,0.286,11,1405003,6787.5277509722,1860386.23844111
219,42,003,140500,2,420031405002,Block Group 2,G5030,S,199791,0,+40.4541518,-079.9060600,Point Breeze North,64,183.781,0.286,11,1405002,7033.68007940682,2146637.83276263
220,42,003,140500,1,420031405001,Block Group 1,G5030,S,383043,0,+40.4500374,-079.8977168,Point Breeze North,64,183.781,0.286,11,1405001,8796.1096140771,4146672.59069217
221,42,003,140400,3,420031404003,Block Group 3,G5030,S,425133,0,+40.4492147,-079.9182174,Point Breeze,63,645.695,1.004,10,1404003,9721.1958434546,4575681.86361534
222,42,003,140400,2,420031404002,Block Group 2,G5030,S,198772,0,+40.4473171,-079.9143987,Point Breeze,63,645.695,1.004,10,1404002,6714.04051009428,2142191.49753856
223,42,003,191500,2,420031915002,Block Group 2,G5030,S,275067,0,+40.4231324,-080.0088702,Mount Washington,54,732.495,1.139,6,1915002,9721.41094533649,2960548.53927989
224,42,003,980900,1,420039809001,Block Group 1,G5030,S,1453388,854869,+40.4659231,-080.0458881,Marshall-Shadeland,50,148.209,0.231,2,9809001,13293.0104401005,6426350.59395206
225,42,003,562500,2,420035625002,Block Group 2,G5030,S,471697,0,+40.4561319,-080.0477532,Sheraden,69,572.125,0.89,4,5625002,12552.4713478973,5033167.02615172
226,42,003,562500,3,420035625003,Block Group 3,G5030,S,353000,0,+40.4521930,-080.0509090,Sheraden,69,572.125,0.89,4,5625003,13173.4439321422,3794923.55320923
227,42,003,290400,4,420032904004,Block Group 4,G5030,S,369957,0,+40.3909811,-079.9764177,Carrick,16,1075.67,1.673,5,2904004,12178.0784497267,4049998.93858238
228,42,003,562000,1,420035620001,Block Group 1,G5030,S,84568,0,+40.4509240,-079.9510070,North Oakland,56,320.679,0.499,14,5620001,3967.7920864926,910206.624765788
229,42,003,070900,4,420030709004,Block Group 4,G5030,S,139673,0,+40.4525514,-079.9436227,Shadyside,68,592.104,0.921,12,0709004,4934.33861232426,1503303.77813251
230,42,003,310200,4,420033102004,Block Group 4,G5030,S,1047140,0,+40.3745282,-079.9191876,Lincoln Place,46,632.497,0.984,8,3102004,15834.115682936,11255145.0368764
231,42,003,310200,2,420033102002,Block Group 2,G5030,S,603127,0,+40.3680699,-079.9062776,Lincoln Place,46,632.497,0.984,8,3102002,12496.2240624703,6627215.76540746
232,42,003,310200,1,420033102001,Block Group 1,G5030,S,287589,0,+40.3771407,-079.9121875,Lincoln Place,46,632.497,0.984,8,3102001,9016.40161954647,3166089.3439476
233,42,003,310200,5,420033102005,Block Group 5,G5030,S,267500,0,+40.3677083,-079.9180462,Lincoln Place,46,632.497,0.984,8,3102005,10821.4392218036,2801023.38858058
234,42,003,310200,3,420033102003,Block Group 3,G5030,S,336563,0,+40.3656819,-079.9108798,Lincoln Place,46,632.497,0.984,8,3102003,11034.2671655878,3563339.75129573
235,42,003,320400,3,420033204003,Block Group 3,G5030,S,196086,0,+40.3911959,-079.9952543,Overbrook,60,539.515,0.839,5,3204003,10313.2127228985,2143968.57609334
236,42,003,140400,1,420031404001,Block Group 1,G5030,S,210439,0,+40.4515018,-079.9120086,Point Breeze,63,645.695,1.004,10,1404001,6013.66021895135,2264967.01816836
237,42,003,140300,4,420031403004,Block Group 4,G5030,S,244015,0,+40.4427330,-079.9230623,Squirrel Hill North,76,785.948,1.222,10,1403004,7780.60609890456,2626345.02752757
238,42,003,140300,3,420031403003,Block Group 3,G5030,S,255284,0,+40.4397145,-079.9234589,Squirrel Hill North,76,785.948,1.222,10,1403003,6976.21707345915,2747614.57194015
239,42,003,140300,2,420031403002,Block Group 2,G5030,S,288795,0,+40.4403396,-079.9159619,Squirrel Hill North,76,785.948,1.222,10,1403002,7188.60627452686,3108287.79925289
240,42,003,140300,1,420031403001,Block Group 1,G5030,S,153643,0,+40.4443637,-079.9143769,Squirrel Hill North,76,785.948,1.222,10,1403001,5588.57520368374,1659494.46583507
241,42,003,140200,2,420031402002,Block Group 2,G5030,S,336251,0,+40.4470935,-079.9297264,Squirrel Hill North,76,785.948,1.222,10,1402002,8817.33213794688,3619081.90148234
242,42,003,140200,1,420031402001,Block Group 1,G5030,S,423236,0,+40.4483633,-079.9235981,Squirrel Hill North,76,785.948,1.222,10,1402001,9667.71132064238,4555286.36744241
243,42,003,140100,4,420031401004,Block Group 4,G5030,S,191468,0,+40.4461764,-079.9428625,Squirrel Hill North,76,785.948,1.222,10,1401004,7682.26056667374,2071588.30850576
244,42,003,140100,2,420031401002,Block Group 2,G5030,S,545736,0,+40.4403036,-079.9337536,Squirrel Hill North,76,785.948,1.222,10,1401002,12861.8785652753,5873747.36101845
245,42,003,140100,1,420031401001,Block Group 1,G5030,S,437062,0,+40.4442956,-079.9352599,Squirrel Hill North,76,785.948,1.222,10,1401001,8933.83843608551,4704113.89774361
246,42,003,271500,3,420032715003,Block Group 3,G5030,S,388703,0,+40.4716738,-080.0340754,Marshall-Shadeland,50,657.903,1.023,2,2715003,12078.7057432263,4181894.92205959
247,42,003,271500,2,420032715002,Block Group 2,G5030,S,346313,0,+40.4706226,-080.0297333,Marshall-Shadeland,50,657.903,1.023,2,2715002,12507.1996396012,3727387.0215652
248,42,003,562600,4,420035626004,Block Group 4,G5030,S,260149,0,+40.4440663,-080.0364074,Elliott,30,389.87,0.606,4,5626004,8279.6673893085,2799973.10798804
249,42,003,562500,4,420035625004,Block Group 4,G5030,S,601811,0,+40.4580575,-080.0582931,Sheraden,69,572.125,0.89,4,5625004,16145.2457682449,6459918.50127953
250,42,003,563200,2,420035632002,Block Group 2,G5030,S,294331,0,+40.4535118,-079.9979360,East Allegheny,26,151.705,0.236,3,5632002,8103.79288283856,3186594.7242561
251,42,003,250900,1,420032509001,Block Group 1,G5030,S,258934,0,+40.4608171,-080.0047738,Fineview,33,160.488,0.25,3,2509001,9568.03940792364,2817658.11312274
252,42,003,261400,4,420032614004,Block Group 4,G5030,S,329769,0,+40.4683526,-080.0064339,Perry South,62,581.656,0.905,2,2614004,9350.35588142417,3549298.75660892
253,42,003,561900,1,420035619001,Block Group 1,G5030,S,597381,0,+40.4742770,-079.8949114,Lincoln-Lemington-Belmar,47,984.873,1.532,11,5619001,14971.655355248,6438841.12852702
254,42,003,141400,2,420031414002,Block Group 2,G5030,S,173646,0,+40.4243851,-079.9207306,Squirrel Hill South,77,1717.485,2.671,10,1414002,8259.02151013284,1868945.71794046
255,42,003,151700,6,420031517006,Block Group 6,G5030,S,200375,0,+40.4254083,-079.9318638,Greenfield,37,497.028,0.773,9,1517006,5916.24151185407,2156641.97539521
256,42,003,192000,2,420031920002,Block Group 2,G5030,S,246368,0,+40.4016212,-080.0253551,Beechview,8,938.804,1.46,5,1920002,8057.92562252536,2651662.25020389
257,42,003,261400,3,420032614003,Block Group 3,G5030,S,222271,0,+40.4679547,-080.0114593,Perry South,62,581.656,0.905,2,2614003,7420.30119364983,2392297.64530001
258,42,003,192000,4,420031920004,Block Group 4,G5030,S,217052,0,+40.4008905,-080.0296710,Beechview,8,938.804,1.46,5,1920004,7152.3598190796,2332707.84608424
259,42,003,192000,3,420031920003,Block Group 3,G5030,S,451676,0,+40.4053264,-080.0313269,Beechview,8,938.804,1.46,5,1920003,12755.3845482866,4861520.4785707
260,42,003,192000,5,420031920005,Block Group 5,G5030,S,163611,0,+40.4084166,-080.0236010,Beechview,8,938.804,1.46,5,1920005,7074.15001608792,1760954.56176075
261,42,003,320400,1,420033204001,Block Group 1,G5030,S,487452,0,+40.3813312,-079.9903213,Overbrook,60,539.515,0.839,5,3204001,10181.8194843832,5175362.94834156
262,42,003,320400,2,420033204002,Block Group 2,G5030,S,169910,0,+40.3870132,-079.9933948,Overbrook,60,539.515,0.839,5,3204002,7263.3427433886,1870826.00754622
263,42,003,320600,1,420033206001,Block Group 1,G5030,S,656883,0,+40.3971295,-080.0068447,Brookline,14,1338.669,2.082,5,3206001,15315.6636608512,7070052.64414894
264,42,003,320700,1,420033207001,Block Group 1,G5030,S,730543,0,+40.3857238,-080.0009505,Overbrook,60,539.515,0.839,5,3207001,16000.1955408908,7942354.84607224
265,42,003,320700,2,420033207002,Block Group 2,G5030,S,584829,0,+40.3783503,-079.9993597,Overbrook,60,539.515,0.839,5,3207002,12351.9608236174,6254882.14119243
266,42,003,130600,3,420031306003,Block Group 3,G5030,S,702176,0,+40.4531812,-079.8715481,East Hills,28,348.077,0.541,11,1306003,10890.7937701416,7425258.29192684
267,42,003,130600,2,420031306002,Block Group 2,G5030,S,336046,0,+40.4571221,-079.8760661,East Hills,28,348.077,0.541,11,1306002,13932.2819797984,3743996.02800372
268,42,003,130400,3,420031304003,Block Group 3,G5030,S,115917,0,+40.4496890,-079.8859784,Homewood South,42,256.093,0.398,11,1304003,6090.014142178,1240584.88567066
269,42,003,130400,2,420031304002,Block Group 2,G5030,S,193262,0,+40.4508292,-079.8891462,Homewood South,42,256.093,0.398,11,1304002,6281.32669052516,2031002.25900683
270,42,003,130300,3,420031303003,Block Group 3,G5030,S,232737,0,+40.4556706,-079.8998750,Homewood South,42,256.093,0.398,11,1303003,7579.01300196494,2504957.03977817
271,42,003,130300,2,420031303002,Block Group 2,G5030,S,168926,0,+40.4526261,-079.8948056,Homewood South,42,256.093,0.398,11,1303002,5662.90432829994,1808371.73674193
272,42,003,130300,1,420031303001,Block Group 1,G5030,S,144645,0,+40.4552880,-079.8943066,Homewood South,42,256.093,0.398,11,1303001,5818.76798426391,1556821.40749469
273,42,003,130200,2,420031302002,Block Group 2,G5030,S,186305,0,+40.4594767,-079.8955903,Homewood North,41,279.14,0.434,11,1302002,5810.23622425799,2005195.9019167
274,42,003,270800,2,420032708002,Block Group 2,G5030,S,316228,0,+40.4811678,-080.0308312,Brighton Heights,13,718.262,1.117,2,2708002,12465.8386032291,3403563.19026424
275,42,003,270800,1,420032708001,Block Group 1,G5030,S,320821,0,+40.4883995,-080.0376363,Brighton Heights,13,718.262,1.117,2,2708001,8626.84527629778,3417798.47705241
276,42,003,270300,2,420032703002,Block Group 2,G5030,S,217586,0,+40.4768739,-080.0397868,Brighton Heights,13,718.262,1.117,2,2703002,8115.9629280272,2279297.10019308
277,42,003,270300,1,420032703001,Block Group 1,G5030,S,386787,0,+40.4783520,-080.0351779,Brighton Heights,13,718.262,1.117,2,2703001,9595.17102211275,4162978.61187332
278,42,003,980400,1,420039804001,Block Group 1,G5030,S,1106408,0,+40.4819387,-080.0200201,Perry North,61,779.088,1.212,2,9804001,23753.9614892895,11915689.868689
279,42,003,192000,1,420031920001,Block Group 1,G5030,S,284141,0,+40.4058572,-080.0217045,Beechview,8,938.804,1.46,5,1920001,8581.14272218218,3058227.75408336
280,42,003,481000,2,420034810002,Block Group 2,G5030,S,211451,0,+40.4120501,-079.9841274,Mount Oliver Borough,0,218.225,0.339,0,4810002,8438.62973561483,2278765.65211485
281,42,003,320600,2,420033206002,Block Group 2,G5030,S,818600,0,+40.3926792,-080.0036674,Brookline,14,1338.669,2.082,5,3206002,13020.8487020059,8681930.807506
282,42,003,130200,1,420031302001,Block Group 1,G5030,S,162183,0,+40.4577941,-079.8910865,Homewood North,41,279.14,0.434,11,1302001,6127.31347320186,1745556.19568385
283,42,003,130100,3,420031301003,Block Group 3,G5030,S,156450,0,+40.4613144,-079.8987905,Homewood North,41,279.14,0.434,11,1301003,7048.43162318618,1683877.10748332
284,42,003,130100,2,420031301002,Block Group 2,G5030,S,169075,0,+40.4610815,-079.8921492,Homewood North,41,279.14,0.434,11,1301002,8188.70222881853,1825458.79424414
285,42,003,130100,1,420031301001,Block Group 1,G5030,S,446625,0,+40.4578346,-079.8838395,Homewood North,41,279.14,0.434,11,1301001,9078.29907240676,4844464.80398554
286,42,003,120800,2,420031208002,Block Group 2,G5030,S,533380,0,+40.4589802,-079.9121415,Larimer,45,286.16,0.445,12,1208002,12096.996120232,5740778.48500171
287,42,003,120800,1,420031208001,Block Group 1,G5030,S,182742,0,+40.4644642,-079.9160491,Larimer,45,286.16,0.445,12,1208001,6062.46736518184,1966846.97349156
288,42,003,120700,2,420031207002,Block Group 2,G5030,S,200053,0,+40.4569713,-079.9050701,Homewood West,43,127.819,0.199,11,1207002,6871.68825424433,2156899.76404898
289,42,003,040400,2,420030404002,Block Group 2,G5030,S,123990,0,+40.4482650,-079.9499687,North Oakland,56,320.679,0.499,14,0404002,4646.0547395415,1315072.78336506
290,42,003,980300,1,420039803001,Block Group 1,G5030,S,1294099,0,+40.4325504,-079.9057230,Squirrel Hill South,77,1717.485,2.671,10,9803001,18179.2433944957,14040502.1361704
291,42,003,141400,5,420031414005,Block Group 5,G5030,S,140754,0,+40.4275500,-079.9245784,Squirrel Hill South,77,1717.485,2.671,10,1414005,5361.80488177722,1514925.45928635
292,42,003,261400,1,420032614001,Block Group 1,G5030,S,306415,0,+40.4653223,-080.0168974,Perry South,62,581.656,0.905,2,2614001,7859.77874636915,3297931.78223085
293,42,003,562800,2,420035628002,Block Group 2,G5030,S,653726,0,+40.4269246,-080.0658036,Oakwood,59,162.015,0.252,4,5628002,15834.2766989772,6988112.76959611
294,42,003,481000,3,420034810003,Block Group 3,G5030,S,195227,0,+40.4100338,-079.9884063,Mount Oliver Borough,0,218.225,0.339,0,4810003,7136.43464389203,2087573.46584935
295,42,003,481000,1,420034810001,Block Group 1,G5030,S,212675,0,+40.4158850,-079.9851540,Mount Oliver Borough,0,218.225,0.339,0,4810001,6550.10727903225,2289654.75704598
296,42,003,481000,4,420034810004,Block Group 4,G5030,S,260030,0,+40.4077982,-079.9851751,Mount Oliver Borough,0,218.225,0.339,0,4810004,9112.32749309155,2800839.41919387
297,42,003,120700,1,420031207001,Block Group 1,G5030,S,315075,0,+40.4609938,-079.9032351,Homewood West,43,127.819,0.199,11,1207001,7715.61555983723,3391159.54520613
298,42,003,120400,2,420031204002,Block Group 2,G5030,S,260666,0,+40.4666609,-079.9115639,Larimer,45,286.16,0.445,12,1204002,7260.41610708477,2805522.29567311
299,42,003,120300,2,420031203002,Block Group 2,G5030,S,303104,0,+40.4667430,-079.9005376,Lincoln-Lemington-Belmar,47,984.873,1.532,11,1203002,7903.27770346444,3262283.93637861
300,42,003,120300,1,420031203001,Block Group 1,G5030,S,777383,0,+40.4704322,-079.9038473,Lincoln-Lemington-Belmar,47,984.873,1.532,11,1203001,15092.0998658758,8366940.66330124
301,42,003,111500,4,420031115004,Block Group 4,G5030,S,273819,0,+40.4612717,-079.9187769,East Liberty,29,373.65,0.581,12,1115004,7027.65865969102,2987473.7592663
302,42,003,111500,3,420031115003,Block Group 3,G5030,S,243983,0,+40.4616936,-079.9256118,East Liberty,29,373.65,0.581,12,1115003,6747.63690336104,2625957.48153127
303,42,003,111500,2,420031115002,Block Group 2,G5030,S,245692,0,+40.4613527,-079.9302786,East Liberty,29,373.65,0.581,12,1115002,8046.53732610962,2644397.7881134
304,42,003,111500,1,420031115001,Block Group 1,G5030,S,196485,0,+40.4652668,-079.9246302,East Liberty,29,373.65,0.581,12,1115001,6700.19778050613,2114776.73025219
305,42,003,562800,1,420035628001,Block Group 1,G5030,S,1122222,0,+40.4202222,-080.0745718,East Carnegie,27,277.895,0.432,4,5628001,18432.5429984324,11970734.4989621
306,42,003,310300,1,420033103001,Block Group 1,G5030,S,2048522,0,+40.3879201,-079.9225537,New Homestead,55,510.728,0.794,8,3103001,22945.9372757571,22145349.2805215
307,42,003,111400,2,420031114002,Block Group 2,G5030,S,172205,0,+40.4669071,-079.9332758,Garfield,35,294.077,0.457,12,1114002,6368.44638142915,1853443.15818706
308,42,003,111400,1,420031114001,Block Group 1,G5030,S,155417,0,+40.4671249,-079.9302535,Garfield,35,294.077,0.457,12,1114001,6498.28001986882,1672753.71793201
309,42,003,111300,4,420031113004,Block Group 4,G5030,S,161217,0,+40.4674207,-079.9196807,East Liberty,29,373.65,0.581,12,1113004,5498.12595140572,1735192.61500228
310,42,003,111300,3,420031113003,Block Group 3,G5030,S,90448,0,+40.4680245,-079.9256027,East Liberty,29,373.65,0.581,12,1113003,4049.05648325464,973510.066546122
311,42,003,111300,2,420031113002,Block Group 2,G5030,S,130582,0,+40.4691148,-079.9238106,East Liberty,29,373.65,0.581,12,1113002,6217.78207929268,1405443.1117781
312,42,003,111300,1,420031113001,Block Group 1,G5030,S,155134,0,+40.4710476,-079.9294133,East Liberty,29,373.65,0.581,12,1113001,5782.64660729334,1715327.99529624
313,42,003,110600,3,420031106003,Block Group 3,G5030,S,135853,0,+40.4707047,-079.9181968,Highland Park,40,747.691,1.163,12,1106003,4864.27826599262,1462184.54506893
314,42,003,110600,1,420031106001,Block Group 1,G5030,S,271548,0,+40.4715544,-079.9137441,Highland Park,40,747.691,1.163,12,1106001,8306.26412034177,2922668.62470084
315,42,003,110200,4,420031102004,Block Group 4,G5030,S,226789,0,+40.4725674,-079.9227477,Highland Park,40,747.691,1.163,12,1102004,6264.71997655518,2440913.47548178
316,42,003,110200,3,420031102003,Block Group 3,G5030,S,298196,0,+40.4765111,-079.9261174,Highland Park,40,747.691,1.163,12,1102003,8354.64568258306,3124957.45599089
317,42,003,110200,2,420031102002,Block Group 2,G5030,S,145230,0,+40.4757786,-079.9213093,Highland Park,40,747.691,1.163,12,1102002,5198.61945218224,1563126.8503663
318,42,003,050600,3,420030506003,Block Group 3,G5030,S,287852,0,+40.4507230,-079.9591365,Upper Hill,85,201.167,0.313,15,0506003,9240.99505871066,3088353.60239869
319,42,003,050600,2,420030506002,Block Group 2,G5030,S,126131,0,+40.4521207,-079.9616517,Upper Hill,85,201.167,0.313,15,0506002,5514.11278348433,1357554.04389753
320,42,003,980500,1,420039805001,Block Group 1,G5030,S,1603807,8799,+40.4327243,-079.9436647,Squirrel Hill South,77,1717.485,2.671,10,9805001,19427.1110406003,17324024.9127778
321,42,003,160800,3,420031608003,Block Group 3,G5030,S,252786,0,+40.4192564,-079.9687826,South Side Slopes,73,460.632,0.716,7,1608003,8740.01308780405,2720745.45436866
322,42,003,160800,4,420031608004,Block Group 4,G5030,S,443571,0,+40.4207815,-079.9759391,South Side Slopes,73,460.632,0.716,7,1608004,11348.6164962354,4771361.13521642
323,42,003,160900,2,420031609002,Block Group 2,G5030,S,838891,282865,+40.4217339,-079.9608102,South Side Flats,72,601.553,0.936,7,1609002,22376.5446404461,9340778.11950675
324,42,003,050600,1,420030506001,Block Group 1,G5030,S,392337,6854,+40.4553953,-079.9580440,Upper Hill,85,201.167,0.313,15,0506001,10414.1829421801,4275455.555943
325,42,003,050100,3,420030501003,Block Group 3,G5030,S,308316,0,+40.4459724,-079.9776953,Middle Hill,51,196.108,0.305,15,0501003,7994.23110605205,3315350.8788266
326,42,003,050100,2,420030501002,Block Group 2,G5030,S,239938,0,+40.4474812,-079.9721392,Middle Hill,51,196.108,0.305,15,0501002,7472.78941009233,2582454.76284278
327,42,003,050100,1,420030501001,Block Group 1,G5030,S,242120,0,+40.4501583,-079.9675165,Middle Hill,51,196.108,0.305,15,0501001,6906.17588015644,2605922.84292887
328,42,003,040900,2,420030409002,Block Group 2,G5030,S,230361,0,+40.4318337,-079.9556760,South Oakland,70,326.793,0.508,14,0409002,6779.15530947054,2479356.9606591
329,42,003,040900,1,420030409001,Block Group 1,G5030,S,437084,0,+40.4355157,-079.9628404,South Oakland,70,326.793,0.508,14,0409001,13853.1294393209,4701548.28841019
330,42,003,040600,1,420030406001,Block Group 1,G5030,S,253063,0,+40.4367501,-079.9522852,Central Oakland,20,180.883,0.281,14,0406001,8033.65328891196,2763504.64585571
331,42,003,040500,2,420030405002,Block Group 2,G5030,S,203744,0,+40.4382299,-079.9582159,Central Oakland,20,180.883,0.281,14,0405002,6208.19474492243,2192910.06925736
332,42,003,270100,2,420032701002,Block Group 2,G5030,S,604710,131921,+40.4824127,-080.0461620,Brighton Heights,13,718.262,1.117,2,2701002,10569.7475820298,6386753.03836981
333,42,003,270100,1,420032701001,Block Group 1,G5030,S,435462,0,+40.4845890,-080.0396191,Brighton Heights,13,718.262,1.117,2,2701001,10771.7143518605,4686800.23134202
334,42,003,262000,2,420032620002,Block Group 2,G5030,S,183095,0,+40.4677565,-079.9927122,Spring Hill-City View,75,404.765,0.63,1,2620002,6403.95668202219,1970658.94710029
335,42,003,562500,1,420035625001,Block Group 1,G5030,S,602805,225010,+40.4627464,-080.0508428,Esplen,31,147.829,0.23,4,5625001,25245.4895497114,6382227.46234958
336,42,003,563000,1,420035630001,Block Group 1,G5030,S,2520263,0,+40.4507815,-080.0847808,Fairywood,32,622.746,0.969,4,5630001,26392.7256029848,26923859.6799159
337,42,003,563000,3,420035630003,Block Group 3,G5030,S,503951,0,+40.4521612,-080.0721842,Windgap,90,266.678,0.415,4,5630003,14195.1025486009,5439182.2210533
338,42,003,563000,4,420035630004,Block Group 4,G5030,S,342793,0,+40.4578183,-080.0705756,Chartiers City,21,84.954,0.132,4,5630004,9978.22599872489,3683819.82603217
339,42,003,202200,1,420032022001,Block Group 1,G5030,S,551500,0,+40.4524892,-080.0636128,Sheraden,69,572.125,0.89,4,2022001,13387.0397212558,5948857.76130382
340,42,003,281400,2,420032814002,Block Group 2,G5030,S,980865,0,+40.4462505,-080.0501942,Crafton Heights,23,484.575,0.754,4,2814002,14959.5997292978,10549328.7390792
341,42,003,562600,3,420035626003,Block Group 3,G5030,S,750054,187348,+40.4498113,-080.0385039,Elliott,30,389.87,0.606,4,5626003,16539.0895626628,7873196.55280275
342,42,003,190300,2,420031903002,Block Group 2,G5030,S,333636,0,+40.4300763,-080.0162029,Mount Washington,54,732.495,1.139,6,1903002,9560.00878309966,3465735.30259231
343,42,003,191400,2,420031914002,Block Group 2,G5030,S,565029,0,+40.4260262,-080.0142054,Mount Washington,54,732.495,1.139,6,1914002,11401.6903309208,6055718.87461223
344,42,003,191100,1,420031911001,Block Group 1,G5030,S,719798,0,+40.4314455,-080.0231165,Duquesne Heights,25,400.468,0.623,6,1911001,12763.9639424141,7875745.0565671
345,42,003,191600,1,420031916001,Block Group 1,G5030,S,1170145,0,+40.4219916,-080.0243427,Beechview,8,938.804,1.46,5,1916001,16523.5095540854,12461415.2055382
346,42,003,563100,3,420035631003,Block Group 3,G5030,S,928505,0,+40.4270691,-080.0344802,Ridgemont,67,237.059,0.369,4,5631003,16308.7798807024,10246616.4552015
347,42,003,562600,1,420035626001,Block Group 1,G5030,S,512433,0,+40.4408830,-080.0357065,West End,87,128.679,0.2,4,5626001,18778.9915131148,5579476.0188691
348,42,003,271500,1,420032715001,Block Group 1,G5030,S,632832,0,+40.4752131,-080.0240304,Marshall-Shadeland,50,657.903,1.023,2,2715001,17890.9901778515,7134381.12291378
349,42,003,980900,1,420039809001,Block Group 1,G5030,S,1453388,854869,+40.4659231,-080.0458881,Marshall-Shadeland,50,657.903,1.023,2,9809001,16591.7893344222,9222634.41584115
350,42,003,250700,1,420032507001,Block Group 1,G5030,S,560320,0,+40.4599421,-080.0218657,California-Kirkbride,15,139.552,0.217,3,2507001,11709.5187635868,6050816.65342363
351,42,003,270400,1,420032704001,Block Group 1,G5030,S,395541,0,+40.4654064,-080.0285012,Marshall-Shadeland,50,657.903,1.023,2,2704001,9062.21249882653,4256393.32452942
352,42,003,241200,1,420032412001,Block Group 1,G5030,S,510109,0,+40.4714234,-079.9884347,Spring Garden,74,176.506,0.275,1,2412001,16698.1740748075,5796033.07925296
353,42,003,262000,3,420032620003,Block Group 3,G5030,S,855799,0,+40.4698731,-079.9965083,Spring Hill-City View,75,404.765,0.63,1,2620003,19457.0767986199,9067098.55630216
354,42,003,191500,1,420031915001,Block Group 1,G5030,S,534104,0,+40.4186500,-080.0109810,Mount Washington,54,732.495,1.139,6,1915001,18688.7581772732,5535191.31040619
355,42,003,562300,2,420035623002,Block Group 2,G5030,S,1197940,275741,+40.4050484,-079.9308344,Glen Hazel,36,293.197,0.456,9,5623002,18931.4943314746,12712949.4445801
356,42,003,563100,1,420035631001,Block Group 1,G5030,S,908984,0,+40.4338079,-080.0441065,Westwood,89,445.009,0.692,4,5631001,13434.3847333024,9754003.84116116
357,42,003,980800,1,420039808001,Block Group 1,G5030,S,400091,163596,+40.4341374,-079.9683957,South Oakland,70,326.793,0.508,14,9808001,15681.9130265032,4213612.0044156
358,42,003,160900,1,420031609001,Block Group 1,G5030,S,411944,158932,+40.4299127,-079.9697164,South Side Flats,72,601.553,0.936,7,1609001,10543.4371497917,4695786.26053455
359,42,003,100500,1,420031005001,Block Group 1,G5030,S,341506,0,+40.4760158,-079.9343044,Stanton Heights,79,472.615,0.735,13,1005001,10179.9246352225,3630027.8057173
360,42,003,130400,1,420031304001,Block Group 1,G5030,S,164947,0,+40.4543357,-079.8888770,Homewood South,42,256.093,0.398,11,1304001,6038.28112709279,1771099.23205383
361,42,003,160800,2,420031608002,Block Group 2,G5030,S,234220,0,+40.4216124,-079.9656420,South Side Slopes,73,460.632,0.716,7,1608002,9254.19145008536,2375701.5012089
